Date,RiskScore,Reasons
2018-01-17,2,distribution days; QQQ hot RSI
2018-01-29,2,distribution days; QQQ hot RSI
2018-02-01,2,QQQ below SMA10; distribution days
2018-02-02,5,QQQ below SMA20; QQQ below SMA10; QQQ 5d drop; distribution days
2018-02-05,6,QQQ below SMA20; QQQ below SMA10; QQQ 5d drop; distribution days; 20d drawdown
2018-02-06,6,QQQ below SMA20; QQQ below SMA10; QQQ 5d drop; distribution days; 20d drawdown
2018-02-07,6,QQQ below SMA20; QQQ below SMA10; QQQ 5d drop; distribution days; 20d drawdown
2018-02-08,6,QQQ below SMA20; QQQ below SMA10; QQQ 5d drop; distribution days; 20d drawdown
2018-02-09,6,QQQ below SMA20; QQQ below SMA10; QQQ 5d drop; distribution days; 20d drawdown
2018-02-12,5,QQQ below SMA20; QQQ below SMA10; distribution days; 20d drawdown
2018-02-13,5,QQQ below SMA20; QQQ below SMA10; distribution days; 20d drawdown
2018-02-14,3,QQQ below SMA20; 20d drawdown
2018-03-19,6,QQQ below SMA20; QQQ below SMA10; QQQ 5d drop; distribution days; 20d drawdown
2018-03-20,4,QQQ below SMA20; QQQ below SMA10; 20d drawdown
2018-03-21,5,QQQ below SMA20; QQQ below SMA10; QQQ 5d drop; 20d drawdown
2018-03-22,6,QQQ below SMA20; QQQ below SMA10; QQQ 5d drop; distribution days; 20d drawdown
2018-03-23,6,QQQ below SMA20; QQQ below SMA10; QQQ 5d drop; distribution days; 20d drawdown
2018-03-26,5,QQQ below SMA20; QQQ below SMA10; distribution days; 20d drawdown
2018-03-27,6,QQQ below SMA20; QQQ below SMA10; QQQ 5d drop; distribution days; 20d drawdown
2018-03-28,6,QQQ below SMA20; QQQ below SMA10; QQQ 5d drop; distribution days; 20d drawdown
2018-03-29,5,QQQ below SMA20; QQQ below SMA10; distribution days; 20d drawdown
2018-04-02,5,QQQ below SMA20; QQQ below SMA10; distribution days; 20d drawdown
2018-04-03,6,QQQ below SMA20; QQQ below SMA10; QQQ 5d drop; distribution days; 20d drawdown
2018-04-04,5,QQQ below SMA20; QQQ below SMA10; distribution days; 20d drawdown
2018-04-05,3,QQQ below SMA20; 20d drawdown
2018-04-06,4,QQQ below SMA20; QQQ below SMA10; 20d drawdown
2018-04-09,4,QQQ below SMA20; QQQ below SMA10; 20d drawdown
2018-04-10,3,QQQ below SMA20; 20d drawdown
2018-04-11,3,QQQ below SMA20; 20d drawdown
2018-04-24,5,QQQ below SMA20; QQQ below SMA10; QQQ 5d drop; 20d drawdown
2018-04-25,5,QQQ below SMA20; QQQ below SMA10; QQQ 5d drop; 20d drawdown
2018-04-30,3,QQQ below SMA20; QQQ below SMA10
2018-06-21,2,QQQ below SMA10; distribution days
2018-06-25,5,QQQ below SMA20; QQQ below SMA10; QQQ 5d drop; distribution days
2018-06-26,4,QQQ below SMA20; QQQ below SMA10; distribution days
2018-06-27,6,QQQ below SMA20; QQQ below SMA10; QQQ 5d drop; distribution days; 20d drawdown
2018-06-28,5,QQQ below SMA20; QQQ below SMA10; QQQ 5d drop; distribution days
2018-06-29,4,QQQ below SMA20; QQQ below SMA10; distribution days
2018-07-02,3,QQQ below SMA20; QQQ below SMA10
2018-07-03,4,QQQ below SMA20; QQQ below SMA10; 20d drawdown
2018-07-05,2,QQQ below SMA20
2018-07-27,2,QQQ below SMA10; distribution days
2018-07-30,5,QQQ below SMA20; QQQ below SMA10; distribution days; 20d drawdown
2018-07-31,4,QQQ below SMA20; QQQ below SMA10; distribution days
2018-08-01,5,QQQ below SMA20; QQQ below SMA10; QQQ 5d drop; distribution days
2018-08-15,3,QQQ below SMA20; QQQ below SMA10
2018-08-20,3,QQQ below SMA20; QQQ below SMA10
2018-09-06,5,QQQ below SMA20; QQQ below SMA10; QQQ 5d drop; distribution days
2018-09-07,5,QQQ below SMA20; QQQ below SMA10; QQQ 5d drop; distribution days
2018-09-10,5,QQQ below SMA20; QQQ below SMA10; QQQ 5d drop; distribution days
2018-09-11,2,QQQ below SMA10; distribution days
2018-09-12,4,QQQ below SMA20; QQQ below SMA10; distribution days
2018-09-17,3,QQQ below SMA20; QQQ below SMA10
2018-09-18,2,QQQ below SMA20
2018-09-19,2,QQQ below SMA20
2018-09-21,2,QQQ below SMA20
2018-10-04,3,QQQ below SMA20; QQQ below SMA10
2018-10-05,5,QQQ below SMA20; QQQ below SMA10; QQQ 5d drop; distribution days
2018-10-08,6,QQQ below SMA20; QQQ below SMA10; QQQ 5d drop; distribution days; 20d drawdown
2018-10-09,6,QQQ below SMA20; QQQ below SMA10; QQQ 5d drop; distribution days; 20d drawdown
2018-10-10,6,QQQ below SMA20; QQQ below SMA10; QQQ 5d drop; distribution days; 20d drawdown
2018-10-11,6,QQQ below SMA20; QQQ below SMA10; QQQ 5d drop; distribution days; 20d drawdown
2018-10-12,6,QQQ below SMA20; QQQ below SMA10; QQQ 5d drop; distribution days; 20d drawdown
2018-10-15,6,QQQ below SMA20; QQQ below SMA10; QQQ 5d drop; distribution days; 20d drawdown
2018-10-16,5,QQQ below SMA20; QQQ below SMA10; distribution days; 20d drawdown
2018-10-17,4,QQQ below SMA20; distribution days; 20d drawdown
2018-10-18,5,QQQ below SMA20; QQQ below SMA10; distribution days; 20d drawdown
2018-10-19,5,QQQ below SMA20; QQQ below SMA10; distribution days; 20d drawdown
2018-10-22,5,QQQ below SMA20; QQQ below SMA10; distribution days; 20d drawdown
2018-10-23,5,QQQ below SMA20; QQQ below SMA10; distribution days; 20d drawdown
2018-10-24,6,QQQ below SMA20; QQQ below SMA10; QQQ 5d drop; distribution days; 20d drawdown
2018-10-25,5,QQQ below SMA20; QQQ below SMA10; distribution days; 20d drawdown
2018-10-26,6,QQQ below SMA20; QQQ below SMA10; QQQ 5d drop; distribution days; 20d drawdown
2018-10-29,6,QQQ below SMA20; QQQ below SMA10; QQQ 5d drop; distribution days; 20d drawdown
2018-10-30,6,QQQ below SMA20; QQQ below SMA10; QQQ 5d drop; distribution days; 20d drawdown
2018-10-31,4,QQQ below SMA20; distribution days; 20d drawdown
2018-11-01,4,QQQ below SMA20; distribution days; 20d drawdown
2018-11-02,4,QQQ below SMA20; distribution days; 20d drawdown
2018-11-05,3,QQQ below SMA20; 20d drawdown
2018-11-06,3,QQQ below SMA20; 20d drawdown
2018-11-12,4,QQQ below SMA20; QQQ below SMA10; 20d drawdown
2018-11-13,4,QQQ below SMA20; QQQ below SMA10; 20d drawdown
2018-11-14,5,QQQ below SMA20; QQQ below SMA10; QQQ 5d drop; 20d drawdown
2018-11-15,5,QQQ below SMA20; QQQ below SMA10; QQQ 5d drop; 20d drawdown
2018-11-16,4,QQQ below SMA20; QQQ below SMA10; 20d drawdown
2018-11-19,5,QQQ below SMA20; QQQ below SMA10; QQQ 5d drop; 20d drawdown
2018-11-20,6,QQQ below SMA20; QQQ below SMA10; QQQ 5d drop; distribution days; 20d drawdown
2018-11-21,5,QQQ below SMA20; QQQ below SMA10; QQQ 5d drop; 20d drawdown
2018-11-23,5,QQQ below SMA20; QQQ below SMA10; QQQ 5d drop; 20d drawdown
2018-11-26,5,QQQ below SMA20; QQQ below SMA10; QQQ 5d drop; 20d drawdown
2018-11-27,3,QQQ below SMA20; 20d drawdown
2018-12-04,3,QQQ below SMA20; 20d drawdown
2018-12-07,5,QQQ below SMA20; QQQ below SMA10; QQQ 5d drop; 20d drawdown
2018-12-10,5,QQQ below SMA20; QQQ below SMA10; QQQ 5d drop; 20d drawdown
2018-12-11,5,QQQ below SMA20; QQQ below SMA10; QQQ 5d drop; 20d drawdown
2018-12-12,2,QQQ below SMA10; 20d drawdown
2018-12-13,2,QQQ below SMA10; 20d drawdown
2018-12-14,4,QQQ below SMA20; QQQ below SMA10; 20d drawdown
2018-12-17,5,QQQ below SMA20; QQQ below SMA10; QQQ 5d drop; 20d drawdown
2018-12-18,5,QQQ below SMA20; QQQ below SMA10; QQQ 5d drop; 20d drawdown
2018-12-19,5,QQQ below SMA20; QQQ below SMA10; QQQ 5d drop; 20d drawdown
2018-12-20,6,QQQ below SMA20; QQQ below SMA10; QQQ 5d drop; distribution days; 20d drawdown
2018-12-21,6,QQQ below SMA20; QQQ below SMA10; QQQ 5d drop; distribution days; 20d drawdown
2018-12-24,6,QQQ below SMA20; QQQ below SMA10; QQQ 5d drop; distribution days; 20d drawdown
2018-12-26,6,QQQ below SMA20; QQQ below SMA10; QQQ 5d drop; distribution days; 20d drawdown
2018-12-27,5,QQQ below SMA20; QQQ below SMA10; distribution days; 20d drawdown
2018-12-28,4,QQQ below SMA20; QQQ below SMA10; 20d drawdown
2018-12-31,3,QQQ below SMA20; 20d drawdown
2019-01-02,3,QQQ below SMA20; 20d drawdown
2019-01-03,4,QQQ below SMA20; QQQ below SMA10; 20d drawdown
2019-01-04,3,QQQ below SMA20; 20d drawdown
2019-03-07,3,QQQ below SMA20; QQQ below SMA10
2019-03-08,3,QQQ below SMA20; QQQ below SMA10
2019-03-25,2,QQQ below SMA10; distribution days
2019-03-27,2,QQQ below SMA10; distribution days
2019-03-28,2,QQQ below SMA10; distribution days
2019-05-06,2,QQQ below SMA10; distribution days
2019-05-07,4,QQQ below SMA20; QQQ below SMA10; distribution days
2019-05-08,4,QQQ below SMA20; QQQ below SMA10; distribution days
2019-05-09,4,QQQ below SMA20; QQQ below SMA10; distribution days
2019-05-10,5,QQQ below SMA20; QQQ below SMA10; QQQ 5d drop; distribution days
2019-05-13,6,QQQ below SMA20; QQQ below SMA10; QQQ 5d drop; distribution days; 20d drawdown
2019-05-14,6,QQQ below SMA20; QQQ below SMA10; QQQ 5d drop; distribution days; 20d drawdown
2019-05-15,5,QQQ below SMA20; QQQ below SMA10; distribution days; 20d drawdown
2019-05-16,3,QQQ below SMA20; QQQ below SMA10
2019-05-17,5,QQQ below SMA20; QQQ below SMA10; distribution days; 20d drawdown
2019-05-20,4,QQQ below SMA20; QQQ below SMA10; 20d drawdown
2019-05-21,4,QQQ below SMA20; QQQ below SMA10; 20d drawdown
2019-05-22,4,QQQ below SMA20; QQQ below SMA10; 20d drawdown
2019-05-23,6,QQQ below SMA20; QQQ below SMA10; QQQ 5d drop; distribution days; 20d drawdown
2019-05-24,5,QQQ below SMA20; QQQ below SMA10; QQQ 5d drop; 20d drawdown
2019-05-28,4,QQQ below SMA20; QQQ below SMA10; 20d drawdown
2019-05-29,6,QQQ below SMA20; QQQ below SMA10; QQQ 5d drop; distribution days; 20d drawdown
2019-05-30,5,QQQ below SMA20; QQQ below SMA10; distribution days; 20d drawdown
2019-05-31,5,QQQ below SMA20; QQQ below SMA10; distribution days; 20d drawdown
2019-06-03,6,QQQ below SMA20; QQQ below SMA10; QQQ 5d drop; distribution days; 20d drawdown
2019-06-04,5,QQQ below SMA20; QQQ below SMA10; distribution days; 20d drawdown
2019-06-05,5,QQQ below SMA20; QQQ below SMA10; distribution days; 20d drawdown
2019-06-06,4,QQQ below SMA20; distribution days; 20d drawdown
2019-07-31,3,QQQ below SMA20; QQQ below SMA10
2019-08-01,4,QQQ below SMA20; QQQ below SMA10; distribution days
2019-08-02,6,QQQ below SMA20; QQQ below SMA10; QQQ 5d drop; distribution days; 20d drawdown
2019-08-05,6,QQQ below SMA20; QQQ below SMA10; QQQ 5d drop; distribution days; 20d drawdown
2019-08-06,6,QQQ below SMA20; QQQ below SMA10; QQQ 5d drop; distribution days; 20d drawdown
2019-08-07,6,QQQ below SMA20; QQQ below SMA10; QQQ 5d drop; distribution days; 20d drawdown
2019-08-08,4,QQQ below SMA20; QQQ below SMA10; distribution days
2019-08-09,4,QQQ below SMA20; QQQ below SMA10; 20d drawdown
2019-08-12,4,QQQ below SMA20; QQQ below SMA10; 20d drawdown
2019-08-13,2,QQQ below SMA20
2019-08-14,4,QQQ below SMA20; QQQ below SMA10; 20d drawdown
2019-08-15,6,QQQ below SMA20; QQQ below SMA10; QQQ 5d drop; distribution days; 20d drawdown
2019-08-16,4,QQQ below SMA20; distribution days; 20d drawdown
2019-08-19,3,QQQ below SMA20; distribution days
2019-08-20,4,QQQ below SMA20; distribution days; 20d drawdown
2019-08-23,4,QQQ below SMA20; QQQ below SMA10; 20d drawdown
2019-08-26,4,QQQ below SMA20; QQQ below SMA10; 20d drawdown
2019-08-27,4,QQQ below SMA20; QQQ below SMA10; 20d drawdown
2019-08-28,4,QQQ below SMA20; QQQ below SMA10; 20d drawdown
2019-09-03,3,QQQ below SMA20; QQQ below SMA10
2019-09-24,3,QQQ below SMA20; QQQ below SMA10
2019-09-26,3,QQQ below SMA20; QQQ below SMA10
2019-09-27,4,QQQ below SMA20; QQQ below SMA10; distribution days
2019-09-30,4,QQQ below SMA20; QQQ below SMA10; distribution days
2019-10-01,3,QQQ below SMA20; QQQ below SMA10
2019-10-02,6,QQQ below SMA20; QQQ below SMA10; QQQ 5d drop; distribution days; 20d drawdown
2019-10-03,5,QQQ below SMA20; QQQ below SMA10; distribution days; 20d drawdown
2019-10-04,2,QQQ below SMA20
2019-10-07,2,QQQ below SMA20
2019-10-08,4,QQQ below SMA20; QQQ below SMA10; 20d drawdown
2019-10-09,3,QQQ below SMA20; QQQ below SMA10
2019-10-10,2,QQQ below SMA20
2019-12-03,4,QQQ below SMA20; QQQ below SMA10; distribution days
2019-12-04,4,QQQ below SMA20; QQQ below SMA10; distribution days
2019-12-05,2,QQQ below SMA10; distribution days
2020-01-27,4,QQQ below SMA20; QQQ below SMA10; distribution days
2020-01-28,2,QQQ below SMA10; distribution days
2020-01-29,2,QQQ below SMA10; distribution days
2020-01-31,4,QQQ below SMA20; QQQ below SMA10; distribution days
2020-02-21,2,QQQ below SMA10; distribution days
2020-02-24,6,QQQ below SMA20; QQQ below SMA10; QQQ 5d drop; distribution days; 20d drawdown
2020-02-25,6,QQQ below SMA20; QQQ below SMA10; QQQ 5d drop; distribution days; 20d drawdown
2020-02-26,6,QQQ below SMA20; QQQ below SMA10; QQQ 5d drop; distribution days; 20d drawdown
2020-02-27,6,QQQ below SMA20; QQQ below SMA10; QQQ 5d drop; distribution days; 20d drawdown
2020-02-28,6,QQQ below SMA20; QQQ below SMA10; QQQ 5d drop; distribution days; 20d drawdown
2020-03-02,5,QQQ below SMA20; QQQ below SMA10; distribution days; 20d drawdown
2020-03-03,6,QQQ below SMA20; QQQ below SMA10; QQQ 5d drop; distribution days; 20d drawdown
2020-03-04,4,QQQ below SMA20; distribution days; 20d drawdown
2020-03-05,5,QQQ below SMA20; QQQ below SMA10; distribution days; 20d drawdown
2020-03-06,5,QQQ below SMA20; QQQ below SMA10; distribution days; 20d drawdown
2020-03-09,6,QQQ below SMA20; QQQ below SMA10; QQQ 5d drop; distribution days; 20d drawdown
2020-03-10,6,QQQ below SMA20; QQQ below SMA10; QQQ 5d drop; distribution days; 20d drawdown
2020-03-11,6,QQQ below SMA20; QQQ below SMA10; QQQ 5d drop; distribution days; 20d drawdown
2020-03-12,6,QQQ below SMA20; QQQ below SMA10; QQQ 5d drop; distribution days; 20d drawdown
2020-03-13,6,QQQ below SMA20; QQQ below SMA10; QQQ 5d drop; distribution days; 20d drawdown
2020-03-16,6,QQQ below SMA20; QQQ below SMA10; QQQ 5d drop; distribution days; 20d drawdown
2020-03-17,6,QQQ below SMA20; QQQ below SMA10; QQQ 5d drop; distribution days; 20d drawdown
2020-03-18,6,QQQ below SMA20; QQQ below SMA10; QQQ 5d drop; distribution days; 20d drawdown
2020-03-19,5,QQQ below SMA20; QQQ below SMA10; distribution days; 20d drawdown
2020-03-20,6,QQQ below SMA20; QQQ below SMA10; QQQ 5d drop; distribution days; 20d drawdown
2020-03-23,5,QQQ below SMA20; QQQ below SMA10; distribution days; 20d drawdown
2020-03-24,4,QQQ below SMA20; distribution days; 20d drawdown
2020-03-25,4,QQQ below SMA20; distribution days; 20d drawdown
2020-03-26,2,distribution days; 20d drawdown
2020-03-27,3,QQQ below SMA20; 20d drawdown
2020-04-01,4,QQQ below SMA20; QQQ below SMA10; 20d drawdown
2020-04-02,2,QQQ 5d drop; 20d drawdown
2020-04-03,4,QQQ below SMA20; QQQ below SMA10; 20d drawdown
2020-04-21,3,QQQ below SMA10; QQQ 5d drop; 20d drawdown
2020-06-10,2,QQQ hot RSI; QQQ extended above SMA20
2020-06-11,2,QQQ below SMA10; 20d drawdown
2020-06-12,2,QQQ below SMA10; 20d drawdown
2020-06-26,4,QQQ below SMA20; QQQ below SMA10; 20d drawdown
2020-07-23,2,QQQ below SMA10; 20d drawdown
2020-07-24,5,QQQ below SMA20; QQQ below SMA10; distribution days; 20d drawdown
2020-07-27,2,QQQ below SMA10; distribution days
2020-07-28,6,QQQ below SMA20; QQQ below SMA10; QQQ 5d drop; distribution days; 20d drawdown
2020-07-29,2,QQQ below SMA10; distribution days
2020-09-01,2,QQQ hot RSI; QQQ extended above SMA20
2020-09-02,2,QQQ hot RSI; QQQ extended above SMA20
2020-09-03,2,QQQ below SMA10; 20d drawdown
2020-09-04,4,QQQ below SMA10; QQQ 5d drop; distribution days; 20d drawdown
2020-09-08,6,QQQ below SMA20; QQQ below SMA10; QQQ 5d drop; distribution days; 20d drawdown
2020-09-09,6,QQQ below SMA20; QQQ below SMA10; QQQ 5d drop; distribution days; 20d drawdown
2020-09-10,6,QQQ below SMA20; QQQ below SMA10; QQQ 5d drop; distribution days; 20d drawdown
2020-09-11,6,QQQ below SMA20; QQQ below SMA10; QQQ 5d drop; distribution days; 20d drawdown
2020-09-14,6,QQQ below SMA20; QQQ below SMA10; QQQ 5d drop; distribution days; 20d drawdown
2020-09-15,5,QQQ below SMA20; QQQ below SMA10; distribution days; 20d drawdown
2020-09-16,5,QQQ below SMA20; QQQ below SMA10; distribution days; 20d drawdown
2020-09-17,5,QQQ below SMA20; QQQ below SMA10; distribution days; 20d drawdown
2020-09-18,5,QQQ below SMA20; QQQ below SMA10; distribution days; 20d drawdown
2020-09-21,6,QQQ below SMA20; QQQ below SMA10; QQQ 5d drop; distribution days; 20d drawdown
2020-09-22,5,QQQ below SMA20; QQQ below SMA10; distribution days; 20d drawdown
2020-09-23,6,QQQ below SMA20; QQQ below SMA10; QQQ 5d drop; distribution days; 20d drawdown
2020-09-24,4,QQQ below SMA20; QQQ below SMA10; 20d drawdown
2020-09-25,3,QQQ below SMA20; 20d drawdown
2020-09-29,3,QQQ below SMA20; 20d drawdown
2020-10-19,3,QQQ below SMA10; QQQ 5d drop; 20d drawdown
2020-10-20,3,QQQ below SMA10; QQQ 5d drop; 20d drawdown
2020-10-21,3,QQQ below SMA10; QQQ 5d drop; 20d drawdown
2020-10-22,2,QQQ below SMA10; 20d drawdown
2020-10-23,2,QQQ below SMA10; 20d drawdown
2020-10-26,4,QQQ below SMA20; QQQ below SMA10; 20d drawdown
2020-10-27,4,QQQ below SMA20; QQQ below SMA10; 20d drawdown
2020-10-28,5,QQQ below SMA20; QQQ below SMA10; QQQ 5d drop; 20d drawdown
2020-10-29,5,QQQ below SMA20; QQQ below SMA10; QQQ 5d drop; 20d drawdown
2020-10-30,5,QQQ below SMA20; QQQ below SMA10; QQQ 5d drop; 20d drawdown
2020-11-02,5,QQQ below SMA20; QQQ below SMA10; QQQ 5d drop; 20d drawdown
2020-11-03,5,QQQ below SMA20; QQQ below SMA10; QQQ 5d drop; 20d drawdown
2020-11-10,2,distribution days; 20d drawdown
2021-01-06,4,QQQ below SMA20; QQQ below SMA10; distribution days
2021-01-15,3,QQQ below SMA20; QQQ below SMA10
2021-01-29,6,QQQ below SMA20; QQQ below SMA10; QQQ 5d drop; distribution days; 20d drawdown
2021-02-01,2,QQQ below SMA10; distribution days
2021-02-22,6,QQQ below SMA20; QQQ below SMA10; QQQ 5d drop; distribution days; 20d drawdown
2021-02-23,6,QQQ below SMA20; QQQ below SMA10; QQQ 5d drop; distribution days; 20d drawdown
2021-02-24,6,QQQ below SMA20; QQQ below SMA10; QQQ 5d drop; distribution days; 20d drawdown
2021-02-25,6,QQQ below SMA20; QQQ below SMA10; QQQ 5d drop; distribution days; 20d drawdown
2021-02-26,6,QQQ below SMA20; QQQ below SMA10; QQQ 5d drop; distribution days; 20d drawdown
2021-03-01,5,QQQ below SMA20; QQQ below SMA10; distribution days; 20d drawdown
2021-03-02,5,QQQ below SMA20; QQQ below SMA10; distribution days; 20d drawdown
2021-03-03,6,QQQ below SMA20; QQQ below SMA10; QQQ 5d drop; distribution days; 20d drawdown
2021-03-04,6,QQQ below SMA20; QQQ below SMA10; QQQ 5d drop; distribution days; 20d drawdown
2021-03-05,5,QQQ below SMA20; QQQ below SMA10; distribution days; 20d drawdown
2021-03-08,6,QQQ below SMA20; QQQ below SMA10; QQQ 5d drop; distribution days; 20d drawdown
2021-03-09,5,QQQ below SMA20; QQQ below SMA10; distribution days; 20d drawdown
2021-03-10,5,QQQ below SMA20; QQQ below SMA10; distribution days; 20d drawdown
2021-03-11,4,QQQ below SMA20; distribution days; 20d drawdown
2021-03-12,4,QQQ below SMA20; distribution days; 20d drawdown
2021-03-15,2,distribution days; 20d drawdown
2021-03-16,2,distribution days; 20d drawdown
2021-03-18,5,QQQ below SMA20; QQQ below SMA10; distribution days; 20d drawdown
2021-03-19,4,QQQ below SMA20; QQQ below SMA10; 20d drawdown
2021-03-24,5,QQQ below SMA20; QQQ below SMA10; QQQ 5d drop; distribution days
2021-03-25,4,QQQ below SMA20; QQQ below SMA10; distribution days
2021-03-30,2,QQQ below SMA10; distribution days
2021-05-03,3,QQQ below SMA20; QQQ below SMA10
2021-05-04,4,QQQ below SMA20; QQQ below SMA10; QQQ 5d drop
2021-05-05,5,QQQ below SMA20; QQQ below SMA10; QQQ 5d drop; 20d drawdown
2021-05-06,4,QQQ below SMA20; QQQ below SMA10; QQQ 5d drop
2021-05-07,3,QQQ below SMA20; QQQ below SMA10
2021-05-10,5,QQQ below SMA20; QQQ below SMA10; QQQ 5d drop; 20d drawdown
2021-05-11,4,QQQ below SMA20; QQQ below SMA10; 20d drawdown
2021-05-12,6,QQQ below SMA20; QQQ below SMA10; QQQ 5d drop; distribution days; 20d drawdown
2021-05-13,6,QQQ below SMA20; QQQ below SMA10; QQQ 5d drop; distribution days; 20d drawdown
2021-05-14,5,QQQ below SMA20; QQQ below SMA10; distribution days; 20d drawdown
2021-05-17,5,QQQ below SMA20; QQQ below SMA10; distribution days; 20d drawdown
2021-05-18,4,QQQ below SMA20; QQQ below SMA10; 20d drawdown
2021-05-19,4,QQQ below SMA20; QQQ below SMA10; 20d drawdown
2021-05-20,3,QQQ below SMA20; 20d drawdown
2021-05-21,3,QQQ below SMA20; 20d drawdown
2021-07-16,2,QQQ below SMA10; distribution days
2021-07-19,4,QQQ below SMA20; QQQ below SMA10; distribution days
2021-07-20,2,QQQ below SMA10; distribution days
2021-08-17,3,QQQ below SMA20; QQQ below SMA10
2021-08-18,3,QQQ below SMA20; QQQ below SMA10
2021-08-19,3,QQQ below SMA20; QQQ below SMA10
2021-09-13,2,QQQ below SMA10; distribution days
2021-09-14,2,QQQ below SMA10; distribution days
2021-09-15,2,QQQ below SMA10; distribution days
2021-09-16,2,QQQ below SMA10; distribution days
2021-09-17,4,QQQ below SMA20; QQQ below SMA10; distribution days
2021-09-20,6,QQQ below SMA20; QQQ below SMA10; QQQ 5d drop; distribution days; 20d drawdown
2021-09-21,5,QQQ below SMA20; QQQ below SMA10; distribution days; 20d drawdown
2021-09-22,4,QQQ below SMA20; QQQ below SMA10; distribution days
2021-09-23,4,QQQ below SMA20; QQQ below SMA10; distribution days
2021-09-24,2,QQQ below SMA20
2021-09-27,3,QQQ below SMA20; QQQ below SMA10
2021-09-28,5,QQQ below SMA20; QQQ below SMA10; distribution days; 20d drawdown
2021-09-29,6,QQQ below SMA20; QQQ below SMA10; QQQ 5d drop; distribution days; 20d drawdown
2021-09-30,6,QQQ below SMA20; QQQ below SMA10; QQQ 5d drop; distribution days; 20d drawdown
2021-10-01,6,QQQ below SMA20; QQQ below SMA10; QQQ 5d drop; distribution days; 20d drawdown
2021-10-04,6,QQQ below SMA20; QQQ below SMA10; QQQ 5d drop; distribution days; 20d drawdown
2021-10-05,5,QQQ below SMA20; QQQ below SMA10; distribution days; 20d drawdown
2021-10-06,5,QQQ below SMA20; QQQ below SMA10; distribution days; 20d drawdown
2021-10-07,3,QQQ below SMA20; 20d drawdown
2021-10-08,3,QQQ below SMA20; 20d drawdown
2021-10-11,4,QQQ below SMA20; QQQ below SMA10; 20d drawdown
2021-10-12,4,QQQ below SMA20; QQQ below SMA10; 20d drawdown
2021-10-13,3,QQQ below SMA20; 20d drawdown
2021-11-10,2,QQQ below SMA10; distribution days
2021-11-11,2,QQQ below SMA10; distribution days
2021-11-26,6,QQQ below SMA20; QQQ below SMA10; QQQ 5d drop; distribution days; 20d drawdown
2021-11-30,4,QQQ below SMA20; QQQ below SMA10; distribution days
2021-12-01,6,QQQ below SMA20; QQQ below SMA10; QQQ 5d drop; distribution days; 20d drawdown
2021-12-02,5,QQQ below SMA20; QQQ below SMA10; distribution days; 20d drawdown
2021-12-03,5,QQQ below SMA20; QQQ below SMA10; distribution days; 20d drawdown
2021-12-06,6,QQQ below SMA20; QQQ below SMA10; QQQ 5d drop; distribution days; 20d drawdown
2021-12-09,2,QQQ below SMA20
2021-12-13,3,QQQ below SMA20; 20d drawdown
2021-12-14,4,QQQ below SMA20; QQQ below SMA10; 20d drawdown
2021-12-16,5,QQQ below SMA20; QQQ below SMA10; distribution days; 20d drawdown
2021-12-17,6,QQQ below SMA20; QQQ below SMA10; QQQ 5d drop; distribution days; 20d drawdown
2021-12-20,6,QQQ below SMA20; QQQ below SMA10; QQQ 5d drop; distribution days; 20d drawdown
2021-12-21,4,QQQ below SMA20; QQQ below SMA10; distribution days
2022-01-05,6,QQQ below SMA20; QQQ below SMA10; QQQ 5d drop; distribution days; 20d drawdown
2022-01-06,6,QQQ below SMA20; QQQ below SMA10; QQQ 5d drop; distribution days; 20d drawdown
2022-01-07,6,QQQ below SMA20; QQQ below SMA10; QQQ 5d drop; distribution days; 20d drawdown
2022-01-10,6,QQQ below SMA20; QQQ below SMA10; QQQ 5d drop; distribution days; 20d drawdown
2022-01-11,6,QQQ below SMA20; QQQ below SMA10; QQQ 5d drop; distribution days; 20d drawdown
2022-01-12,5,QQQ below SMA20; QQQ below SMA10; distribution days; 20d drawdown
2022-01-13,5,QQQ below SMA20; QQQ below SMA10; distribution days; 20d drawdown
2022-01-14,4,QQQ below SMA20; QQQ below SMA10; 20d drawdown
2022-01-18,6,QQQ below SMA20; QQQ below SMA10; QQQ 5d drop; distribution days; 20d drawdown
2022-01-19,6,QQQ below SMA20; QQQ below SMA10; QQQ 5d drop; distribution days; 20d drawdown
2022-01-20,6,QQQ below SMA20; QQQ below SMA10; QQQ 5d drop; distribution days; 20d drawdown
2022-01-21,6,QQQ below SMA20; QQQ below SMA10; QQQ 5d drop; distribution days; 20d drawdown
2022-01-24,6,QQQ below SMA20; QQQ below SMA10; QQQ 5d drop; distribution days; 20d drawdown
2022-01-25,6,QQQ below SMA20; QQQ below SMA10; QQQ 5d drop; distribution days; 20d drawdown
2022-01-26,6,QQQ below SMA20; QQQ below SMA10; QQQ 5d drop; distribution days; 20d drawdown
2022-01-27,6,QQQ below SMA20; QQQ below SMA10; QQQ 5d drop; distribution days; 20d drawdown
2022-01-28,5,QQQ below SMA20; QQQ below SMA10; distribution days; 20d drawdown
2022-01-31,4,QQQ below SMA20; distribution days; 20d drawdown
2022-02-01,4,QQQ below SMA20; distribution days; 20d drawdown
2022-02-03,4,QQQ below SMA20; QQQ below SMA10; 20d drawdown
2022-02-04,3,QQQ below SMA20; 20d drawdown
2022-02-07,3,QQQ below SMA20; 20d drawdown
2022-02-08,3,QQQ below SMA20; 20d drawdown
2022-02-10,4,QQQ below SMA20; QQQ below SMA10; 20d drawdown
2022-02-11,6,QQQ below SMA20; QQQ below SMA10; QQQ 5d drop; distribution days; 20d drawdown
2022-02-14,5,QQQ below SMA20; QQQ below SMA10; distribution days; 20d drawdown
2022-02-15,3,QQQ below SMA10; distribution days; 20d drawdown
2022-02-16,3,QQQ 5d drop; distribution days; 20d drawdown
2022-02-17,5,QQQ below SMA20; QQQ below SMA10; QQQ 5d drop; 20d drawdown
2022-02-18,4,QQQ below SMA20; QQQ below SMA10; 20d drawdown
2022-02-22,5,QQQ below SMA20; QQQ below SMA10; QQQ 5d drop; 20d drawdown
2022-02-23,5,QQQ below SMA20; QQQ below SMA10; QQQ 5d drop; 20d drawdown
2022-02-24,5,QQQ below SMA20; QQQ below SMA10; QQQ 5d drop; 20d drawdown
2022-02-25,3,QQQ below SMA20; 20d drawdown
2022-02-28,3,QQQ below SMA20; 20d drawdown
2022-03-01,4,QQQ below SMA20; QQQ below SMA10; 20d drawdown
2022-03-02,3,QQQ below SMA20; 20d drawdown
2022-03-03,3,QQQ below SMA20; 20d drawdown
2022-03-04,4,QQQ below SMA20; QQQ below SMA10; 20d drawdown
2022-03-07,5,QQQ below SMA20; QQQ below SMA10; QQQ 5d drop; 20d drawdown
2022-03-08,5,QQQ below SMA20; QQQ below SMA10; QQQ 5d drop; 20d drawdown
2022-03-09,5,QQQ below SMA20; QQQ below SMA10; QQQ 5d drop; 20d drawdown
2022-03-10,5,QQQ below SMA20; QQQ below SMA10; QQQ 5d drop; 20d drawdown
2022-03-11,5,QQQ below SMA20; QQQ below SMA10; QQQ 5d drop; 20d drawdown
2022-03-14,4,QQQ below SMA20; QQQ below SMA10; 20d drawdown
2022-03-15,4,QQQ below SMA20; QQQ below SMA10; 20d drawdown
2022-04-04,2,QQQ hot RSI; QQQ extended above SMA20
2022-04-05,2,QQQ below SMA10; QQQ 5d drop
2022-04-06,3,QQQ below SMA10; QQQ 5d drop; 20d drawdown
2022-04-07,2,QQQ below SMA10; 20d drawdown
2022-04-08,5,QQQ below SMA20; QQQ below SMA10; QQQ 5d drop; 20d drawdown
2022-04-11,5,QQQ below SMA20; QQQ below SMA10; QQQ 5d drop; 20d drawdown
2022-04-12,5,QQQ below SMA20; QQQ below SMA10; QQQ 5d drop; 20d drawdown
2022-04-13,4,QQQ below SMA20; QQQ below SMA10; 20d drawdown
2022-04-14,5,QQQ below SMA20; QQQ below SMA10; QQQ 5d drop; 20d drawdown
2022-04-18,5,QQQ below SMA20; QQQ below SMA10; QQQ 5d drop; 20d drawdown
2022-04-19,4,QQQ below SMA20; QQQ below SMA10; 20d drawdown
2022-04-20,4,QQQ below SMA20; QQQ below SMA10; 20d drawdown
2022-04-21,5,QQQ below SMA20; QQQ below SMA10; QQQ 5d drop; 20d drawdown
2022-04-22,5,QQQ below SMA20; QQQ below SMA10; QQQ 5d drop; 20d drawdown
2022-04-25,5,QQQ below SMA20; QQQ below SMA10; QQQ 5d drop; 20d drawdown
2022-04-26,5,QQQ below SMA20; QQQ below SMA10; QQQ 5d drop; 20d drawdown
2022-04-27,6,QQQ below SMA20; QQQ below SMA10; QQQ 5d drop; distribution days; 20d drawdown
2022-04-28,5,QQQ below SMA20; QQQ below SMA10; distribution days; 20d drawdown
2022-04-29,6,QQQ below SMA20; QQQ below SMA10; QQQ 5d drop; distribution days; 20d drawdown
2022-05-02,6,QQQ below SMA20; QQQ below SMA10; QQQ 5d drop; distribution days; 20d drawdown
2022-05-03,5,QQQ below SMA20; QQQ below SMA10; distribution days; 20d drawdown
2022-05-04,3,QQQ below SMA20; 20d drawdown
2022-05-05,6,QQQ below SMA20; QQQ below SMA10; QQQ 5d drop; distribution days; 20d drawdown
2022-05-06,5,QQQ below SMA20; QQQ below SMA10; distribution days; 20d drawdown
2022-05-09,6,QQQ below SMA20; QQQ below SMA10; QQQ 5d drop; distribution days; 20d drawdown
2022-05-10,6,QQQ below SMA20; QQQ below SMA10; QQQ 5d drop; distribution days; 20d drawdown
2022-05-11,6,QQQ below SMA20; QQQ below SMA10; QQQ 5d drop; distribution days; 20d drawdown
2022-05-12,6,QQQ below SMA20; QQQ below SMA10; QQQ 5d drop; distribution days; 20d drawdown
2022-05-13,5,QQQ below SMA20; QQQ below SMA10; distribution days; 20d drawdown
2022-05-16,5,QQQ below SMA20; QQQ below SMA10; distribution days; 20d drawdown
2022-05-17,4,QQQ below SMA20; distribution days; 20d drawdown
2022-05-18,4,QQQ below SMA20; QQQ below SMA10; 20d drawdown
2022-05-19,4,QQQ below SMA20; QQQ below SMA10; 20d drawdown
2022-05-20,5,QQQ below SMA20; QQQ below SMA10; QQQ 5d drop; 20d drawdown
2022-05-23,4,QQQ below SMA20; QQQ below SMA10; 20d drawdown
2022-05-24,5,QQQ below SMA20; QQQ below SMA10; QQQ 5d drop; 20d drawdown
2022-05-25,4,QQQ below SMA20; QQQ below SMA10; 20d drawdown
2022-05-26,3,QQQ below SMA20; 20d drawdown
2022-06-09,5,QQQ below SMA20; QQQ below SMA10; QQQ 5d drop; 20d drawdown
2022-06-10,5,QQQ below SMA20; QQQ below SMA10; QQQ 5d drop; 20d drawdown
2022-06-13,5,QQQ below SMA20; QQQ below SMA10; QQQ 5d drop; 20d drawdown
2022-06-14,5,QQQ below SMA20; QQQ below SMA10; QQQ 5d drop; 20d drawdown
2022-06-15,5,QQQ below SMA20; QQQ below SMA10; QQQ 5d drop; 20d drawdown
2022-06-16,5,QQQ below SMA20; QQQ below SMA10; QQQ 5d drop; 20d drawdown
2022-06-17,5,QQQ below SMA20; QQQ below SMA10; QQQ 5d drop; 20d drawdown
2022-06-21,4,QQQ below SMA20; QQQ below SMA10; 20d drawdown
2022-06-22,4,QQQ below SMA20; QQQ below SMA10; 20d drawdown
2022-06-23,3,QQQ below SMA20; 20d drawdown
2022-06-27,3,QQQ below SMA20; 20d drawdown
2022-06-28,3,QQQ below SMA20; 20d drawdown
2022-06-29,3,QQQ below SMA20; 20d drawdown
2022-06-30,4,QQQ below SMA20; QQQ below SMA10; 20d drawdown
2022-07-01,5,QQQ below SMA20; QQQ below SMA10; QQQ 5d drop; 20d drawdown
2022-07-14,2,QQQ below SMA10; QQQ 5d drop
2022-07-26,2,QQQ below SMA10; 20d drawdown
2022-08-22,5,QQQ below SMA20; QQQ below SMA10; QQQ 5d drop; 20d drawdown
2022-08-23,5,QQQ below SMA20; QQQ below SMA10; QQQ 5d drop; 20d drawdown
2022-08-24,5,QQQ below SMA20; QQQ below SMA10; QQQ 5d drop; 20d drawdown
2022-08-25,5,QQQ below SMA20; QQQ below SMA10; QQQ 5d drop; 20d drawdown
2022-08-26,5,QQQ below SMA20; QQQ below SMA10; QQQ 5d drop; 20d drawdown
2022-08-29,5,QQQ below SMA20; QQQ below SMA10; QQQ 5d drop; 20d drawdown
2022-08-30,5,QQQ below SMA20; QQQ below SMA10; QQQ 5d drop; 20d drawdown
2022-08-31,5,QQQ below SMA20; QQQ below SMA10; QQQ 5d drop; 20d drawdown
2022-09-01,5,QQQ below SMA20; QQQ below SMA10; QQQ 5d drop; 20d drawdown
2022-09-02,5,QQQ below SMA20; QQQ below SMA10; QQQ 5d drop; 20d drawdown
2022-09-06,5,QQQ below SMA20; QQQ below SMA10; QQQ 5d drop; 20d drawdown
2022-09-07,4,QQQ below SMA20; QQQ below SMA10; 20d drawdown
2022-09-08,4,QQQ below SMA20; QQQ below SMA10; 20d drawdown
2022-09-09,3,QQQ below SMA20; 20d drawdown
2022-09-12,3,QQQ below SMA20; 20d drawdown
2022-09-13,4,QQQ below SMA20; QQQ below SMA10; 20d drawdown
2022-09-14,4,QQQ below SMA20; QQQ below SMA10; 20d drawdown
2022-09-15,6,QQQ below SMA20; QQQ below SMA10; QQQ 5d drop; distribution days; 20d drawdown
2022-09-16,6,QQQ below SMA20; QQQ below SMA10; QQQ 5d drop; distribution days; 20d drawdown
2022-09-19,6,QQQ below SMA20; QQQ below SMA10; QQQ 5d drop; distribution days; 20d drawdown
2022-09-20,5,QQQ below SMA20; QQQ below SMA10; distribution days; 20d drawdown
2022-09-21,6,QQQ below SMA20; QQQ below SMA10; QQQ 5d drop; distribution days; 20d drawdown
2022-09-22,6,QQQ below SMA20; QQQ below SMA10; QQQ 5d drop; distribution days; 20d drawdown
2022-09-23,6,QQQ below SMA20; QQQ below SMA10; QQQ 5d drop; distribution days; 20d drawdown
2022-09-26,6,QQQ below SMA20; QQQ below SMA10; QQQ 5d drop; distribution days; 20d drawdown
2022-09-27,6,QQQ below SMA20; QQQ below SMA10; QQQ 5d drop; distribution days; 20d drawdown
2022-09-28,5,QQQ below SMA20; QQQ below SMA10; distribution days; 20d drawdown
2022-09-29,6,QQQ below SMA20; QQQ below SMA10; QQQ 5d drop; distribution days; 20d drawdown
2022-09-30,6,QQQ below SMA20; QQQ below SMA10; QQQ 5d drop; distribution days; 20d drawdown
2022-10-03,5,QQQ below SMA20; QQQ below SMA10; distribution days; 20d drawdown
2022-10-04,4,QQQ below SMA20; distribution days; 20d drawdown
2022-10-05,4,QQQ below SMA20; distribution days; 20d drawdown
2022-10-06,3,QQQ below SMA20; 20d drawdown
2022-10-07,4,QQQ below SMA20; QQQ below SMA10; 20d drawdown
2022-10-10,5,QQQ below SMA20; QQQ below SMA10; QQQ 5d drop; 20d drawdown
2022-10-11,6,QQQ below SMA20; QQQ below SMA10; QQQ 5d drop; distribution days; 20d drawdown
2022-10-12,6,QQQ below SMA20; QQQ below SMA10; QQQ 5d drop; distribution days; 20d drawdown
2022-10-13,6,QQQ below SMA20; QQQ below SMA10; QQQ 5d drop; distribution days; 20d drawdown
2022-10-14,6,QQQ below SMA20; QQQ below SMA10; QQQ 5d drop; distribution days; 20d drawdown
2022-10-17,5,QQQ below SMA20; QQQ below SMA10; distribution days; 20d drawdown
2022-10-18,3,QQQ below SMA20; 20d drawdown
2022-10-19,3,QQQ below SMA20; 20d drawdown
2022-10-20,3,QQQ below SMA20; 20d drawdown
2022-10-27,2,QQQ below SMA10; 20d drawdown
2022-11-01,2,QQQ below SMA10; QQQ 5d drop
2022-11-02,5,QQQ below SMA20; QQQ below SMA10; QQQ 5d drop; 20d drawdown
2022-11-03,5,QQQ below SMA20; QQQ below SMA10; QQQ 5d drop; 20d drawdown
2022-11-04,5,QQQ below SMA20; QQQ below SMA10; QQQ 5d drop; 20d drawdown
2022-11-07,5,QQQ below SMA20; QQQ below SMA10; QQQ 5d drop; 20d drawdown
2022-11-08,4,QQQ below SMA20; QQQ below SMA10; 20d drawdown
2022-11-09,4,QQQ below SMA20; QQQ below SMA10; 20d drawdown
2022-11-29,2,QQQ below SMA10; 20d drawdown
2022-12-06,4,QQQ below SMA20; QQQ below SMA10; 20d drawdown
2022-12-07,5,QQQ below SMA20; QQQ below SMA10; QQQ 5d drop; 20d drawdown
2022-12-08,5,QQQ below SMA20; QQQ below SMA10; QQQ 5d drop; 20d drawdown
2022-12-09,5,QQQ below SMA20; QQQ below SMA10; QQQ 5d drop; 20d drawdown
2022-12-12,3,QQQ below SMA20; QQQ below SMA10
2022-12-15,4,QQQ below SMA20; QQQ below SMA10; 20d drawdown
2022-12-16,5,QQQ below SMA20; QQQ below SMA10; QQQ 5d drop; 20d drawdown
2022-12-19,5,QQQ below SMA20; QQQ below SMA10; QQQ 5d drop; 20d drawdown
2022-12-20,5,QQQ below SMA20; QQQ below SMA10; QQQ 5d drop; 20d drawdown
2022-12-21,5,QQQ below SMA20; QQQ below SMA10; QQQ 5d drop; 20d drawdown
2022-12-22,5,QQQ below SMA20; QQQ below SMA10; QQQ 5d drop; 20d drawdown
2022-12-23,4,QQQ below SMA20; QQQ below SMA10; 20d drawdown
2022-12-27,4,QQQ below SMA20; QQQ below SMA10; 20d drawdown
2022-12-28,5,QQQ below SMA20; QQQ below SMA10; QQQ 5d drop; 20d drawdown
2022-12-29,5,QQQ below SMA20; QQQ below SMA10; QQQ 5d drop; 20d drawdown
2022-12-30,4,QQQ below SMA20; QQQ below SMA10; 20d drawdown
2023-01-03,4,QQQ below SMA20; QQQ below SMA10; 20d drawdown
2023-01-04,4,QQQ below SMA20; QQQ below SMA10; 20d drawdown
2023-01-05,4,QQQ below SMA20; QQQ below SMA10; 20d drawdown
2023-01-06,3,QQQ below SMA20; 20d drawdown
2023-01-09,3,QQQ below SMA20; 20d drawdown
2023-01-26,2,QQQ hot RSI; QQQ extended above SMA20
2023-01-27,2,QQQ hot RSI; QQQ extended above SMA20
2023-02-09,2,QQQ below SMA10; QQQ 5d drop
2023-02-10,2,QQQ below SMA10; 20d drawdown
2023-02-21,5,QQQ below SMA20; QQQ below SMA10; QQQ 5d drop; 20d drawdown
2023-02-22,5,QQQ below SMA20; QQQ below SMA10; QQQ 5d drop; 20d drawdown
2023-02-23,5,QQQ below SMA20; QQQ below SMA10; QQQ 5d drop; 20d drawdown
2023-02-24,5,QQQ below SMA20; QQQ below SMA10; QQQ 5d drop; 20d drawdown
2023-02-27,4,QQQ below SMA20; QQQ below SMA10; 20d drawdown
2023-02-28,4,QQQ below SMA20; QQQ below SMA10; 20d drawdown
2023-03-01,4,QQQ below SMA20; QQQ below SMA10; 20d drawdown
2023-03-02,4,QQQ below SMA20; QQQ below SMA10; 20d drawdown
2023-03-03,3,QQQ below SMA20; 20d drawdown
2023-03-07,3,QQQ below SMA20; 20d drawdown
2023-03-08,2,QQQ below SMA20
2023-03-09,5,QQQ below SMA20; QQQ below SMA10; distribution days; 20d drawdown
2023-03-10,6,QQQ below SMA20; QQQ below SMA10; QQQ 5d drop; distribution days; 20d drawdown
2023-03-13,6,QQQ below SMA20; QQQ below SMA10; QQQ 5d drop; distribution days; 20d drawdown
2023-04-24,3,QQQ below SMA20; QQQ below SMA10
2023-04-25,4,QQQ below SMA20; QQQ below SMA10; QQQ 5d drop
2023-04-26,3,QQQ below SMA20; QQQ below SMA10
2023-05-03,2,QQQ below SMA20
2023-05-04,3,QQQ below SMA20; QQQ below SMA10
2023-05-30,2,QQQ hot RSI; QQQ extended above SMA20
2023-06-26,4,QQQ below SMA20; QQQ below SMA10; QQQ 5d drop
2023-08-02,4,QQQ below SMA20; QQQ below SMA10; distribution days
2023-08-03,3,QQQ below SMA20; QQQ below SMA10
2023-08-04,6,QQQ below SMA20; QQQ below SMA10; QQQ 5d drop; distribution days; 20d drawdown
2023-08-07,4,QQQ below SMA20; QQQ below SMA10; distribution days
2023-08-08,6,QQQ below SMA20; QQQ below SMA10; QQQ 5d drop; distribution days; 20d drawdown
2023-08-09,4,QQQ below SMA20; QQQ below SMA10; 20d drawdown
2023-08-10,4,QQQ below SMA20; QQQ below SMA10; 20d drawdown
2023-08-11,4,QQQ below SMA20; QQQ below SMA10; 20d drawdown
2023-08-14,4,QQQ below SMA20; QQQ below SMA10; 20d drawdown
2023-08-15,4,QQQ below SMA20; QQQ below SMA10; 20d drawdown
2023-08-16,4,QQQ below SMA20; QQQ below SMA10; 20d drawdown
2023-08-17,5,QQQ below SMA20; QQQ below SMA10; QQQ 5d drop; 20d drawdown
2023-08-18,5,QQQ below SMA20; QQQ below SMA10; distribution days; 20d drawdown
2023-08-21,5,QQQ below SMA20; QQQ below SMA10; distribution days; 20d drawdown
2023-08-22,5,QQQ below SMA20; QQQ below SMA10; distribution days; 20d drawdown
2023-08-23,4,QQQ below SMA20; distribution days; 20d drawdown
2023-08-24,5,QQQ below SMA20; QQQ below SMA10; distribution days; 20d drawdown
2023-08-25,3,QQQ below SMA20; 20d drawdown
2023-08-28,3,QQQ below SMA20; 20d drawdown
2023-09-15,3,QQQ below SMA20; QQQ below SMA10
2023-09-18,3,QQQ below SMA20; QQQ below SMA10
2023-09-19,3,QQQ below SMA20; QQQ below SMA10
2023-09-20,4,QQQ below SMA20; QQQ below SMA10; 20d drawdown
2023-09-21,6,QQQ below SMA20; QQQ below SMA10; QQQ 5d drop; distribution days; 20d drawdown
2023-09-22,5,QQQ below SMA20; QQQ below SMA10; QQQ 5d drop; 20d drawdown
2023-09-25,5,QQQ below SMA20; QQQ below SMA10; QQQ 5d drop; 20d drawdown
2023-09-26,5,QQQ below SMA20; QQQ below SMA10; QQQ 5d drop; 20d drawdown
2023-09-27,5,QQQ below SMA20; QQQ below SMA10; QQQ 5d drop; 20d drawdown
2023-09-28,4,QQQ below SMA20; QQQ below SMA10; 20d drawdown
2023-09-29,4,QQQ below SMA20; QQQ below SMA10; 20d drawdown
2023-10-02,3,QQQ below SMA20; 20d drawdown
2023-10-03,4,QQQ below SMA20; QQQ below SMA10; 20d drawdown
2023-10-04,3,QQQ below SMA20; 20d drawdown
2023-10-05,3,QQQ below SMA20; 20d drawdown
2023-10-19,4,QQQ below SMA20; QQQ below SMA10; QQQ 5d drop
2023-10-20,6,QQQ below SMA20; QQQ below SMA10; QQQ 5d drop; distribution days; 20d drawdown
2023-10-23,6,QQQ below SMA20; QQQ below SMA10; QQQ 5d drop; distribution days; 20d drawdown
2023-10-24,4,QQQ below SMA20; QQQ below SMA10; distribution days
2023-10-25,6,QQQ below SMA20; QQQ below SMA10; QQQ 5d drop; distribution days; 20d drawdown
2023-10-26,6,QQQ below SMA20; QQQ below SMA10; QQQ 5d drop; distribution days; 20d drawdown
2023-10-27,6,QQQ below SMA20; QQQ below SMA10; QQQ 5d drop; distribution days; 20d drawdown
2023-10-30,5,QQQ below SMA20; QQQ below SMA10; distribution days; 20d drawdown
2023-10-31,5,QQQ below SMA20; QQQ below SMA10; distribution days; 20d drawdown
2023-11-01,3,QQQ below SMA20; 20d drawdown
2023-11-14,2,QQQ hot RSI; QQQ extended above SMA20
2023-11-15,2,QQQ hot RSI; QQQ extended above SMA20
2023-11-20,2,QQQ hot RSI; QQQ extended above SMA20
2023-11-30,2,QQQ below SMA10; QQQ hot RSI
2023-12-06,3,QQQ below SMA20; QQQ below SMA10
2024-01-03,4,QQQ below SMA20; QQQ below SMA10; QQQ 5d drop
2024-01-04,5,QQQ below SMA20; QQQ below SMA10; QQQ 5d drop; 20d drawdown
2024-01-05,4,QQQ below SMA20; QQQ below SMA10; QQQ 5d drop
2024-02-16,2,QQQ below SMA10; distribution days
2024-02-20,4,QQQ below SMA20; QQQ below SMA10; distribution days
2024-02-21,4,QQQ below SMA20; QQQ below SMA10; distribution days
2024-03-08,2,QQQ below SMA10; distribution days
2024-03-11,2,QQQ below SMA10; distribution days
2024-03-15,3,QQQ below SMA20; QQQ below SMA10
2024-04-02,3,QQQ below SMA20; QQQ below SMA10
2024-04-04,3,QQQ below SMA20; QQQ below SMA10
2024-04-05,3,QQQ below SMA20; QQQ below SMA10
2024-04-08,3,QQQ below SMA20; QQQ below SMA10
2024-04-10,4,QQQ below SMA20; QQQ below SMA10; distribution days
2024-04-12,4,QQQ below SMA20; QQQ below SMA10; distribution days
2024-04-15,5,QQQ below SMA20; QQQ below SMA10; distribution days; 20d drawdown
2024-04-16,6,QQQ below SMA20; QQQ below SMA10; QQQ 5d drop; distribution days; 20d drawdown
2024-04-17,6,QQQ below SMA20; QQQ below SMA10; QQQ 5d drop; distribution days; 20d drawdown
2024-04-18,6,QQQ below SMA20; QQQ below SMA10; QQQ 5d drop; distribution days; 20d drawdown
2024-04-19,6,QQQ below SMA20; QQQ below SMA10; QQQ 5d drop; distribution days; 20d drawdown
2024-04-22,6,QQQ below SMA20; QQQ below SMA10; QQQ 5d drop; distribution days; 20d drawdown
2024-04-23,5,QQQ below SMA20; QQQ below SMA10; distribution days; 20d drawdown
2024-04-24,4,QQQ below SMA20; QQQ below SMA10; 20d drawdown
2024-04-25,5,QQQ below SMA20; QQQ below SMA10; distribution days; 20d drawdown
2024-04-26,2,QQQ below SMA20
2024-04-30,4,QQQ below SMA20; QQQ below SMA10; 20d drawdown
2024-05-01,4,QQQ below SMA20; QQQ below SMA10; 20d drawdown
2024-05-02,3,QQQ below SMA20; 20d drawdown
2024-07-17,6,QQQ below SMA20; QQQ below SMA10; QQQ 5d drop; distribution days; 20d drawdown
2024-07-18,6,QQQ below SMA20; QQQ below SMA10; QQQ 5d drop; distribution days; 20d drawdown
2024-07-19,6,QQQ below SMA20; QQQ below SMA10; QQQ 5d drop; distribution days; 20d drawdown
2024-07-22,6,QQQ below SMA20; QQQ below SMA10; QQQ 5d drop; distribution days; 20d drawdown
2024-07-23,6,QQQ below SMA20; QQQ below SMA10; QQQ 5d drop; distribution days; 20d drawdown
2024-07-24,6,QQQ below SMA20; QQQ below SMA10; QQQ 5d drop; distribution days; 20d drawdown
2024-07-25,6,QQQ below SMA20; QQQ below SMA10; QQQ 5d drop; distribution days; 20d drawdown
2024-07-26,6,QQQ below SMA20; QQQ below SMA10; QQQ 5d drop; distribution days; 20d drawdown
2024-07-29,6,QQQ below SMA20; QQQ below SMA10; QQQ 5d drop; distribution days; 20d drawdown
2024-07-30,6,QQQ below SMA20; QQQ below SMA10; QQQ 5d drop; distribution days; 20d drawdown
2024-07-31,4,QQQ below SMA20; distribution days; 20d drawdown
2024-08-01,5,QQQ below SMA20; QQQ below SMA10; distribution days; 20d drawdown
2024-08-02,6,QQQ below SMA20; QQQ below SMA10; QQQ 5d drop; distribution days; 20d drawdown
2024-08-05,6,QQQ below SMA20; QQQ below SMA10; QQQ 5d drop; distribution days; 20d drawdown
2024-08-06,6,QQQ below SMA20; QQQ below SMA10; QQQ 5d drop; distribution days; 20d drawdown
2024-08-07,6,QQQ below SMA20; QQQ below SMA10; QQQ 5d drop; distribution days; 20d drawdown
2024-08-08,6,QQQ below SMA20; QQQ below SMA10; QQQ 5d drop; distribution days; 20d drawdown
2024-08-09,5,QQQ below SMA20; QQQ below SMA10; distribution days; 20d drawdown
2024-08-12,3,QQQ below SMA20; 20d drawdown
2024-09-03,5,QQQ below SMA20; QQQ below SMA10; QQQ 5d drop; 20d drawdown
2024-09-04,5,QQQ below SMA20; QQQ below SMA10; QQQ 5d drop; 20d drawdown
2024-09-05,4,QQQ below SMA20; QQQ below SMA10; 20d drawdown
2024-09-06,6,QQQ below SMA20; QQQ below SMA10; QQQ 5d drop; distribution days; 20d drawdown
2024-09-09,6,QQQ below SMA20; QQQ below SMA10; QQQ 5d drop; distribution days; 20d drawdown
2024-09-10,4,QQQ below SMA20; QQQ below SMA10; 20d drawdown
2024-09-11,2,QQQ below SMA20
2024-10-23,3,QQQ below SMA20; QQQ below SMA10
2024-10-31,3,QQQ below SMA20; QQQ below SMA10
2024-11-01,3,QQQ below SMA20; QQQ below SMA10
2024-11-04,3,QQQ below SMA20; QQQ below SMA10
2024-11-05,2,QQQ below SMA20
2024-11-15,4,QQQ below SMA20; QQQ below SMA10; QQQ 5d drop
2024-11-18,2,QQQ below SMA10; QQQ 5d drop
2024-12-18,5,QQQ below SMA20; QQQ below SMA10; QQQ 5d drop; 20d drawdown
2024-12-19,5,QQQ below SMA20; QQQ below SMA10; distribution days; 20d drawdown
2024-12-20,4,QQQ below SMA20; QQQ below SMA10; distribution days
2024-12-23,3,QQQ below SMA10; QQQ 5d drop; distribution days
2024-12-27,3,QQQ below SMA20; QQQ below SMA10
2024-12-30,5,QQQ below SMA20; QQQ below SMA10; distribution days; 20d drawdown
2024-12-31,5,QQQ below SMA20; QQQ below SMA10; distribution days; 20d drawdown
2025-01-02,6,QQQ below SMA20; QQQ below SMA10; QQQ 5d drop; distribution days; 20d drawdown
2025-01-03,4,QQQ below SMA20; QQQ below SMA10; distribution days
2025-01-07,5,QQQ below SMA20; QQQ below SMA10; distribution days; 20d drawdown
2025-01-08,5,QQQ below SMA20; QQQ below SMA10; distribution days; 20d drawdown
2025-01-10,5,QQQ below SMA20; QQQ below SMA10; distribution days; 20d drawdown
2025-01-13,6,QQQ below SMA20; QQQ below SMA10; QQQ 5d drop; distribution days; 20d drawdown
2025-01-14,6,QQQ below SMA20; QQQ below SMA10; QQQ 5d drop; distribution days; 20d drawdown
2025-01-15,3,QQQ below SMA20; 20d drawdown
2025-01-16,4,QQQ below SMA20; QQQ below SMA10; 20d drawdown
2025-01-27,3,QQQ below SMA20; QQQ below SMA10
2025-01-31,2,QQQ below SMA10; distribution days
2025-02-03,4,QQQ below SMA20; QQQ below SMA10; distribution days
2025-02-21,3,QQQ below SMA20; QQQ below SMA10
2025-02-24,5,QQQ below SMA20; QQQ below SMA10; QQQ 5d drop; distribution days
2025-02-25,6,QQQ below SMA20; QQQ below SMA10; QQQ 5d drop; distribution days; 20d drawdown
2025-02-26,6,QQQ below SMA20; QQQ below SMA10; QQQ 5d drop; distribution days; 20d drawdown
2025-02-27,6,QQQ below SMA20; QQQ below SMA10; QQQ 5d drop; distribution days; 20d drawdown
2025-02-28,6,QQQ below SMA20; QQQ below SMA10; QQQ 5d drop; distribution days; 20d drawdown
2025-03-03,6,QQQ below SMA20; QQQ below SMA10; QQQ 5d drop; distribution days; 20d drawdown
2025-03-04,6,QQQ below SMA20; QQQ below SMA10; QQQ 5d drop; distribution days; 20d drawdown
2025-03-05,5,QQQ below SMA20; QQQ below SMA10; distribution days; 20d drawdown
2025-03-06,5,QQQ below SMA20; QQQ below SMA10; distribution days; 20d drawdown
2025-03-07,6,QQQ below SMA20; QQQ below SMA10; QQQ 5d drop; distribution days; 20d drawdown
2025-03-10,6,QQQ below SMA20; QQQ below SMA10; QQQ 5d drop; distribution days; 20d drawdown
2025-03-11,6,QQQ below SMA20; QQQ below SMA10; QQQ 5d drop; distribution days; 20d drawdown
2025-03-12,6,QQQ below SMA20; QQQ below SMA10; QQQ 5d drop; distribution days; 20d drawdown
2025-03-13,6,QQQ below SMA20; QQQ below SMA10; QQQ 5d drop; distribution days; 20d drawdown
2025-03-14,5,QQQ below SMA20; QQQ below SMA10; distribution days; 20d drawdown
2025-03-17,5,QQQ below SMA20; QQQ below SMA10; distribution days; 20d drawdown
2025-03-18,4,QQQ below SMA20; QQQ below SMA10; 20d drawdown
2025-03-19,3,QQQ below SMA20; 20d drawdown
2025-03-20,3,QQQ below SMA20; 20d drawdown
2025-03-21,3,QQQ below SMA20; 20d drawdown
2025-03-26,3,QQQ below SMA20; 20d drawdown
2025-03-27,4,QQQ below SMA20; QQQ below SMA10; 20d drawdown
2025-03-28,4,QQQ below SMA20; QQQ below SMA10; 20d drawdown
2025-03-31,6,QQQ below SMA20; QQQ below SMA10; QQQ 5d drop; distribution days; 20d drawdown
2025-04-01,6,QQQ below SMA20; QQQ below SMA10; QQQ 5d drop; distribution days; 20d drawdown
2025-04-02,5,QQQ below SMA20; QQQ below SMA10; distribution days; 20d drawdown
2025-04-03,6,QQQ below SMA20; QQQ below SMA10; QQQ 5d drop; distribution days; 20d drawdown
2025-04-04,6,QQQ below SMA20; QQQ below SMA10; QQQ 5d drop; distribution days; 20d drawdown
2025-04-07,6,QQQ below SMA20; QQQ below SMA10; QQQ 5d drop; distribution days; 20d drawdown
2025-04-08,6,QQQ below SMA20; QQQ below SMA10; QQQ 5d drop; distribution days; 20d drawdown
2025-04-09,4,QQQ below SMA20; distribution days; 20d drawdown
2025-04-10,5,QQQ below SMA20; QQQ below SMA10; distribution days; 20d drawdown
2025-04-11,4,QQQ below SMA20; distribution days; 20d drawdown
2025-04-14,4,QQQ below SMA20; distribution days; 20d drawdown
2025-04-15,3,QQQ below SMA20; 20d drawdown
2025-04-16,4,QQQ below SMA20; QQQ 5d drop; 20d drawdown
2025-04-17,3,QQQ below SMA20; 20d drawdown
2025-04-21,5,QQQ below SMA20; QQQ below SMA10; QQQ 5d drop; 20d drawdown
2025-04-22,5,QQQ below SMA20; QQQ below SMA10; QQQ 5d drop; 20d drawdown
2025-05-12,2,QQQ hot RSI; QQQ extended above SMA20
2025-05-13,2,QQQ hot RSI; QQQ extended above SMA20
2025-05-14,2,QQQ hot RSI; QQQ extended above SMA20
2025-05-15,2,QQQ hot RSI; QQQ extended above SMA20
2025-05-16,2,QQQ hot RSI; QQQ extended above SMA20
2025-05-19,2,QQQ hot RSI; QQQ extended above SMA20
2025-08-01,4,QQQ below SMA20; QQQ below SMA10; distribution days
2025-08-04,2,QQQ below SMA10; distribution days
2025-08-05,4,QQQ below SMA20; QQQ below SMA10; distribution days
2025-08-19,3,QQQ below SMA20; QQQ below SMA10
2025-08-20,4,QQQ below SMA20; QQQ below SMA10; distribution days
2025-08-21,5,QQQ below SMA20; QQQ below SMA10; QQQ 5d drop; distribution days
2025-08-22,2,QQQ below SMA10; distribution days
2025-08-25,2,QQQ below SMA10; distribution days
2025-08-29,3,QQQ below SMA20; QQQ below SMA10
2025-09-02,4,QQQ below SMA20; QQQ below SMA10; distribution days
2025-09-03,4,QQQ below SMA20; QQQ below SMA10; distribution days
2025-09-23,2,distribution days; QQQ hot RSI
2025-09-25,2,QQQ below SMA10; distribution days
2025-10-10,4,QQQ below SMA20; QQQ below SMA10; distribution days
2025-10-13,2,QQQ below SMA10; distribution days
2025-10-14,4,QQQ below SMA20; QQQ below SMA10; distribution days
2025-10-15,2,QQQ below SMA10; distribution days
2025-10-16,4,QQQ below SMA20; QQQ below SMA10; distribution days
2025-11-06,4,QQQ below SMA20; QQQ below SMA10; distribution days
2025-11-07,6,QQQ below SMA20; QQQ below SMA10; QQQ 5d drop; distribution days; 20d drawdown
2025-11-10,2,QQQ below SMA10; distribution days
2025-11-11,2,QQQ below SMA10; distribution days
2025-11-12,2,QQQ below SMA10; distribution days
2025-11-13,5,QQQ below SMA20; QQQ below SMA10; distribution days; 20d drawdown
2025-11-14,4,QQQ below SMA20; QQQ below SMA10; 20d drawdown
2025-11-17,5,QQQ below SMA20; QQQ below SMA10; QQQ 5d drop; 20d drawdown
2025-11-18,6,QQQ below SMA20; QQQ below SMA10; QQQ 5d drop; distribution days; 20d drawdown
2025-11-19,6,QQQ below SMA20; QQQ below SMA10; QQQ 5d drop; distribution days; 20d drawdown
2025-11-20,6,QQQ below SMA20; QQQ below SMA10; QQQ 5d drop; distribution days; 20d drawdown
2025-11-21,6,QQQ below SMA20; QQQ below SMA10; QQQ 5d drop; distribution days; 20d drawdown
2025-11-24,4,QQQ below SMA20; distribution days; 20d drawdown
2025-11-25,3,QQQ below SMA20; 20d drawdown
2025-12-15,3,QQQ below SMA20; QQQ below SMA10
2025-12-16,3,QQQ below SMA20; QQQ below SMA10
2025-12-17,6,QQQ below SMA20; QQQ below SMA10; QQQ 5d drop; distribution days; 20d drawdown
2025-12-18,5,QQQ below SMA20; QQQ below SMA10; QQQ 5d drop; distribution days
2025-12-31,3,QQQ below SMA20; QQQ below SMA10
2026-01-02,3,QQQ below SMA20; QQQ below SMA10
2026-01-20,5,QQQ below SMA20; QQQ below SMA10; QQQ 5d drop; distribution days
2026-01-21,4,QQQ below SMA20; QQQ below SMA10; distribution days
2026-01-30,4,QQQ below SMA20; QQQ below SMA10; distribution days
2026-02-03,4,QQQ below SMA20; QQQ below SMA10; distribution days
2026-02-04,6,QQQ below SMA20; QQQ below SMA10; QQQ 5d drop; distribution days; 20d drawdown
2026-02-05,6,QQQ below SMA20; QQQ below SMA10; QQQ 5d drop; distribution days; 20d drawdown
2026-02-06,5,QQQ below SMA20; QQQ below SMA10; distribution days; 20d drawdown
2026-02-09,4,QQQ below SMA20; QQQ below SMA10; distribution days
2026-02-10,4,QQQ below SMA20; QQQ below SMA10; distribution days
2026-02-11,3,QQQ below SMA20; QQQ below SMA10
2026-02-12,4,QQQ below SMA20; QQQ below SMA10; 20d drawdown
2026-02-13,4,QQQ below SMA20; QQQ below SMA10; 20d drawdown
2026-02-17,5,QQQ below SMA20; QQQ below SMA10; distribution days; 20d drawdown
2026-02-18,5,QQQ below SMA20; QQQ below SMA10; distribution days; 20d drawdown
2026-02-19,5,QQQ below SMA20; QQQ below SMA10; distribution days; 20d drawdown
2026-02-20,3,QQQ below SMA20; 20d drawdown
2026-02-23,4,QQQ below SMA20; QQQ below SMA10; 20d drawdown
2026-02-24,3,QQQ below SMA20; 20d drawdown
2026-02-26,2,QQQ below SMA20
2026-02-27,3,QQQ below SMA20; distribution days
2026-03-02,3,QQQ below SMA20; distribution days
2026-03-03,5,QQQ below SMA20; QQQ below SMA10; distribution days; 20d drawdown
2026-03-06,4,QQQ below SMA20; QQQ below SMA10; distribution days
2026-03-09,2,QQQ below SMA10; distribution days
2026-03-10,2,QQQ below SMA10; distribution days
2026-03-12,3,QQQ below SMA20; QQQ below SMA10
2026-03-13,3,QQQ below SMA20; QQQ below SMA10
2026-03-16,3,QQQ below SMA20; QQQ below SMA10
2026-03-17,3,QQQ below SMA20; QQQ below SMA10
2026-03-18,3,QQQ below SMA20; QQQ below SMA10
2026-03-19,3,QQQ below SMA20; QQQ below SMA10
2026-03-20,5,QQQ below SMA20; QQQ below SMA10; distribution days; 20d drawdown
2026-03-23,5,QQQ below SMA20; QQQ below SMA10; distribution days; 20d drawdown
2026-03-24,6,QQQ below SMA20; QQQ below SMA10; QQQ 5d drop; distribution days; 20d drawdown
2026-03-25,5,QQQ below SMA20; QQQ below SMA10; distribution days; 20d drawdown
2026-03-26,6,QQQ below SMA20; QQQ below SMA10; QQQ 5d drop; distribution days; 20d drawdown
2026-03-27,6,QQQ below SMA20; QQQ below SMA10; QQQ 5d drop; distribution days; 20d drawdown
2026-03-30,6,QQQ below SMA20; QQQ below SMA10; QQQ 5d drop; distribution days; 20d drawdown
2026-03-31,5,QQQ below SMA20; QQQ below SMA10; distribution days; 20d drawdown
2026-04-01,4,QQQ below SMA20; distribution days; 20d drawdown
2026-04-02,3,QQQ below SMA20; 20d drawdown
2026-04-16,2,QQQ hot RSI; QQQ extended above SMA20
2026-04-17,2,QQQ hot RSI; QQQ extended above SMA20
2026-04-20,2,QQQ hot RSI; QQQ extended above SMA20
2026-04-21,2,QQQ hot RSI; QQQ extended above SMA20
2026-04-22,2,QQQ hot RSI; QQQ extended above SMA20
2026-04-23,2,QQQ hot RSI; QQQ extended above SMA20
2026-04-24,2,QQQ hot RSI; QQQ extended above SMA20
2026-04-27,2,QQQ hot RSI; QQQ extended above SMA20
2026-05-06,2,QQQ hot RSI; QQQ extended above SMA20
